﻿{"inkVersion":21,"root":[["^\"I beg your pardon, but alas, I cannot engage in conversation with you,","\n","^replied the painter with a tinge of regret. ","#","^Italic","/#","\n","ev","str","^Leave","/str","/ev",{"*":"0.c-0","flg":20},"ev","str","^What if I tell you that the priest's prohibitions should no longer affect you?","/str","/ev",{"*":"0.c-1","flg":20},{"c-0":["\n","end",{"->":"0.g-0"},{"#f":5}],"c-1":["\n","^The painter listened intently, a look of curiosity on her face. ","#","^Italic","/#","\n","^What do you mean?","\n",["ev","str","^I mean that we should no longer be bound by the old ways and beliefs that have limited us for so long","/str","/ev",{"*":".^.c-0","flg":20},{"c-0":["\n","^The painter raised an eyebrow, intrigued. ","#","^Italic","/#","\n","^I found blueprints for cyberware and cyberprosthetics that can improve and empower the body,they were made for the priest himself and are secretly worn by those in the highest echelons of the church.","\n","^The painter was taken aback by this revelation.  ","#","^Italic","/#","\n",["ev","str","^I need your help to verify the blueprints,","/str","/ev",{"*":".^.c-0","flg":20},{"c-0":["^ ","\n","^You continued. ","#","^Italic","/#","\n",["ev","str","^Only you have the necessary knowledge to do so. If we can prove that these technologies exist and that the church is keeping them hidden, we can use them to empower ourselves and free ourselves from their control","/str","/ev",{"*":".^.c-0","flg":20},{"c-0":["\n","^The painter hesitated, unsure of the risks involved.  ","#","^Italic","/#","\n",["ev","str","^We must take that risk","/str","/ev",{"*":".^.c-0","flg":20},{"c-0":["\n","^After a moment of consideration, the painter nodded","\n","^Alright, Let's do it.","\n",["ev","str","^You nodded","/str","/ev",{"*":".^.c-0","flg":20},{"c-0":["\n",{"->":"0.g-0"},{"#f":5}]}],{"#f":5}]}],{"#f":5}]}],{"#f":5}]}],{"#f":5}]}],{"#f":5}],"g-0":["done",{"#f":5}]}],"done",{"#f":1}],"listDefs":{}}