﻿{"inkVersion":21,"root":[["^I apologize, but I must continue working as I am not permitted to be distracted.","\n","ev","str","^Leave","/str","/ev",{"*":"0.c-0","flg":20},"ev","str","^But...we had a conversation recently","/str","/ev",{"*":"0.c-1","flg":20},{"c-0":["\n",{"->":"0.g-0"},{"#f":5}],"c-1":["\n","^The artist only sighed heavily, as if burdened by the weight of his own thoughts, and in a voice as hushed as a whisper, humbly replied ","#","^Italic","/#","\n","^I simply do as the priest instructs me.","\n",["ev","str","^Leave","/str","/ev",{"*":".^.c-0","flg":20},{"c-0":["\n","end",{"->":"0.g-0"},{"#f":5}]}],{"#f":5}],"g-0":["done",{"#f":5}]}],"done",{"#f":1}],"listDefs":{}}