﻿{"inkVersion":21,"root":[["^The 'suto kala' sits hunched over, painting the banner which is pulled taut over the easel. ","#","^Italic","/#","\n","ev","str","^Continue","/str","/ev",{"*":"0.c-0","flg":20},{"c-0":["\n","^As you approach, her hand hovers in air, as if she senses that you are about to engage her. ","#","^Italic","/#","\n",["ev","str","^Continue","/str","/ev",{"*":".^.c-0","flg":20},{"c-0":["\n","^You take a look at the illustration she's currently working on, and you can't help but feel a lump in your throat. ","#","^Italic","/#","\n",["ev","str","^Continue","/str","/ev",{"*":".^.c-0","flg":20},{"c-0":["\n","^The artwork depicts a beautiful summer day by the ancient ash tree, with the love of your life and you sitting together in the shade, surrounded by wildflowers. ","#","^Italic","/#","\n",["ev","str","^Continue","/str","/ev",{"*":".^.c-0","flg":20},{"c-0":["\n","^Your beloved is smiling, with his arm draped around the your shoulders, and you are leaning into him with your eyes closed. This was the day you first expressed your love to eachother. ","#","^Italic","/#","\n",["ev","str","^Continue","/str","/ev",{"*":".^.c-0","flg":20},{"c-0":["\n","^The illustration is...stunningly beautiful, but it only serves to remind you of what you've lost. ","#","^Italic","/#","\n",["ev","str","^Continue","/str","/ev",{"*":".^.c-0","flg":20},{"c-0":["\n","^At the same time, you can't help but wonder how she managed to capture this intimate moment that only you and Avram shared. ","#","^Italic","/#","\n",["ev","str","^1. It's...beautiful. But how did you...?","/str","/ev",{"*":".^.c-0","flg":20},{"c-0":["\n","^The painter briefly turns to the table to reload her brush with fresh paint as she addresses you in a hollow, soft sounding voice.  ","#","^Italic","/#","\n","^You must be the bride. My sincerest apologies for your loss.","\n",["ev","str","^Continue","/str","/ev",{"*":".^.c-0","flg":20},{"c-0":["\n","^You notice her left arm, partially bundled in her cape, and realize that it is entirely cybernetic. A true rarity in this secluded part of the world. ","#","^Italic","/#","\n",["ev","str","^Continue","/str","/ev",{"*":".^.c-0","flg":20},{"c-0":["\n","^Curiously, the arm she's using to hold the brush and paint is entirely biological, with no sign of augmentation.   ","#","^Italic","/#","\n",{"->":"Loop"},{"->":"0.g-0"},{"#f":5}]}],{"#f":5}]}],{"#f":5}]}],{"#f":5}]}],{"#f":5}]}],{"#f":5}]}],{"#f":5}]}],{"#f":5}]}],{"#f":5}],"g-0":["done",{"#f":5}]}],"done",{"Loop":[["ev","str","^1. Were you a friend of Avram's? This painting... it appears as though for a moment I have been transported back to that day.","/str","/ev",{"*":".^.c-0","flg":20},"ev","str","^2. I've never seen such technology on anyone around here. I thought that was forbidden within the sanctuary.","/str","/ev",{"*":".^.c-1","flg":20},"ev",{"CNT?":"First_Answer"},{"CNT?":"Second_Answer"},"||","/ev",{"*":".^.c-2","flg":25},{"c-0":["^  ","#","^Regular","/#","\n",{"->":"First_Answer"},{"#f":5}],"c-1":["^  ","#","^Regular","/#","\n",{"->":"Second_Answer"},{"#f":5}],"c-2":[{"->":"ReactionOnPain"},"\n",{"#f":5}]}],{"#f":1}],"First_Answer":["^I did not have the pleasure of knowing Avram personally, but I have a sort of intuition for seeing moments in people's lives that should be cherished and celebrated. Ah, how they doth remark upon my abilities - some say they are a blessing from God Himself...  ","#","^Regular","/#","\n",{"->":"Loop"},{"#f":1}],"Second_Answer":[["^Yes, it is uncommon. And you are correct in that technically, I shouldn't be allowed inside the sanctuary wearing this. But as you can see, the church requires my services. And so sometimes, they have no choice but to be lenient about cyberware restriction.  ","#","^Regular","/#","\n","ev","str","^Continue","/str","/ev",{"*":".^.c-0","flg":20},{"c-0":["\n",{"->":"Loop"},{"#f":5}]}],{"#f":1}],"Ending":[["ev","str","^(End dialogue)","/str","/ev",{"*":".^.c-0","flg":20},{"c-0":["\n","end",{"#f":5}]}],{"#f":1}],"ReactionOnPain":[["^As she reached the end of her explanation, her countenance contorted with a momentary spasm of pain and her delicate hands began to tremble. ","#","^Italic","/#","\n","ev","str","^Continue","/str","/ev",{"*":".^.c-0","flg":20},{"c-0":["\n","^Involuntarily, the brush she held slipped from her grasp and fell to the ground with a soft thud. ","#","^Italic","/#","\n",["ev","str","^pick up the brush","/str","/ev",{"*":".^.c-0","flg":20},"ev","str","^do nothing","/str","/ev",{"*":".^.c-1","flg":20},{"c-0":["\n","^As the brush passed from her hands to those of the artist, a curious realization dawned upon you ","#","^Italic","/#","\n",["ev","str","^Continue","/str","/ev",{"*":".^.c-0","flg":20},{"c-0":["\n","^the painter was blind. ","#","^Italic","/#","\n",["ev","str","^Continue","/str","/ev",{"*":".^.c-0","flg":20},{"c-0":["\n","^The revelation struck you with a disconcerting mix of awe and horror, and you found yourself silently pondering how such a thing could be possible. ","#","^Italic","/#","\n",["ev","str","^Continue","/str","/ev",{"*":".^.c-0","flg":20},{"c-0":["\n","^Before you could voice your unspoken query, however, the woman turned towards you and offered a sad, melancholic smile. ","#","^Italic","/#","\n",["ev","str","^Continue","/str","/ev",{"*":".^.c-0","flg":20},{"c-0":["\n","^you see,","\n","^she said softly, ","#","^Italic","/#","\n","^the pain and blindness are but a small price that we artists must pay for our abilities.","\n",["ev","str","^Continue","/str","/ev",{"*":".^.c-0","flg":20},{"c-0":["\n","^It is the sacrifice we willingly make in order to access the boundless creative power that lies beyond the veil of the mundane world.","\n",["ev","str","^Continue","/str","/ev",{"*":".^.c-0","flg":20},{"c-0":["\n","^Her words chilled you to the bone. ","#","^Italic","/#","\n",["ev","str","^Continue","/str","/ev",{"*":".^.c-0","flg":20},{"c-0":["\n","^You couldn't help but wonder what other horrors and secrets may lay hidden in the shadows of the church, waiting to be unleashed. ","#","^Italic","/#","\n",{"->":"Ending"},{"#f":5}]}],{"#f":5}]}],{"#f":5}]}],{"#f":5}]}],{"#f":5}]}],{"#f":5}]}],{"#f":5}]}],{"#f":5}],"c-1":["\n","^Unheeding of the fallen brush, the artist resumed his work with a cursed, yet humbled fervor. ","#","^Italic","/#","\n",{"->":"Ending"},{"#f":5}]}],{"#f":5}]}],{"#f":1}],"#f":1}],"listDefs":{}}