﻿{"inkVersion":21,"root":[["ev","str","^Father, I have to be honest with you. I have some doubts about the actions of the church.","/str","/ev",{"*":"0.c-0","flg":20},{"c-0":["\n","^Upon your confession of doubt, the priest's eyes narrowed, and a shadow seemed to cross his face. ","#","^Italic","/#","\n","^How can you speak such blasphemy, my child?","\n",["ev","str","^I have seen the agony etched upon the artist's face as he paints, and I cannot fathom how this is allowed","/str","/ev",{"*":".^.c-0","flg":20},"ev","str","^I... I think I was wrong, Father","/str","/ev",{"*":".^.c-1","flg":20},{"c-0":["^ ",{"->":"Priest_answer"},"\n",{"->":"0.g-0"},{"#f":5}],"c-1":["^ ","end","\n",{"->":"0.g-0"},{"#f":5}]}],{"#f":5}],"g-0":["done",{"#f":5}]}],"done",{"Priest_answer":[["^The priest's eyes blazed with fury. ","#","^Italic","/#","\n","^Do not question the teachings of the church, my child. They are infallible and eternal.","\n","ev","str","^I will try, Father","/str","/ev",{"*":".^.c-0","flg":20},"ev","str","^But I can't help feeling that there must be a better way.","/str","/ev",{"*":".^.c-1","flg":20},{"c-0":["^ ",{"->":"Ending"},"\n",{"#f":5}],"c-1":["\n","^The priest's lips twisted into a cruel smile. ","#","^Italic","/#","\n","^You are treading on dangerous ground, my child,","\n",["ev","str","^Continue","/str","/ev",{"*":".^.c-0","flg":20},{"c-0":["\n","^The church knows what is best for you and for our community. Trust in its guidance, and all will be well.","\n",{"->":"Ending"},{"#f":5}]}],{"#f":5}]}],{"#f":1}],"Ending":["end",{"#f":1}],"#f":1}],"listDefs":{}}