﻿{"inkVersion":21,"root":[["^Verily, I reckon our preparations are complete, and as is the custom, we must now undertake the required rites ere the commencement of the ceremony.","\n","ev","str","^I agree with you, Father,","/str","/ev",{"*":"0.c-0","flg":20},"ev","str","^It all seems so...superficial. How can performing these rites have any real impact?","/str","/ev",{"*":"0.c-1","flg":20},{"c-0":["^ ","\n","^Deep down, you knew that following tradition was crucial for the success of the ceremony. ","#","^Italic","/#","\n",{"->":"Ending"},{"->":"0.g-0"},{"#f":5}],"c-1":["\n","^The priest looked at you with a patient smile ","#","^Italic","/#","\n","^I understand your doubts, my child,","\n",["ev","str","^Continue","/str","/ev",{"*":".^.c-0","flg":20},{"c-0":["\n","^but you must trust in the wisdom of our ancestors. These rituals have been passed down through generations for a reason.","\n",["ev","str","^I agree with you, Father,","/str","/ev",{"*":".^.c-0","flg":20},"ev","str","^Your words are a balm to my troubled soul, Father, but still, doubt lingers in my heart","/str","/ev",{"*":".^.c-1","flg":20},{"c-0":["\n","^Deep down, you knew that following tradition was crucial for the success of the ceremony. ","#","^Italic","/#","\n",{"->":"0.g-0"},{"#f":5}],"c-1":["\n","^The priest's eyes darkened. ","#","^Italic","/#","\n","^You must have faith in our traditions","\n","^he said, his voice stern. ","#","^Italic","/#","\n",["ev","str","^Continue","/str","/ev",{"*":".^.c-0","flg":20},{"c-0":["\n","^You hung your head, unable to shake the sense of doubt that plagued you ","#","^Italic","/#","\n",["ev","str","^I shall try","/str","/ev",{"*":".^.c-0","flg":20},{"c-0":["\n","^You murmured, your voice barely audible   ","#","^Italic","/#","\n",["ev","str","^Your words weigh heavy upon my mind, Father, but I require time to ponder them.","/str","/ev",{"*":".^.c-0","flg":20},"ev","str","^I am ready to proceed with the pre-ceremony rituals","/str","/ev",{"*":".^.c-1","flg":20},{"c-0":["^   ","\n",{"->":"0.g-0"},{"#f":5}],"c-1":["^ ",{"->":"Ending"},"\n",{"->":"0.g-0"},{"#f":5}]}],{"#f":5}]}],{"#f":5}]}],{"#f":5}]}],{"#f":5}]}],{"#f":5}],"g-0":["done",{"#f":5}]}],"done",{"Ending":[["^I am pleased to hear it, my child    ","#","^LoadNewScene","/#","\n","ev","str","^Stay here","/str","/ev",{"*":".^.c-0","flg":20},{"c-0":["^ ","\n","end",{"#f":5}]}],{"#f":1}],"#f":1}],"listDefs":{}}