﻿{"inkVersion":21,"root":[["^I see that you have successfully completed the necessary ritual,","\n","^the priest gazed at you with a look of approval in his eyes ","#","^Italic","/#","\n","ev","str","^You nodded","/str","/ev",{"*":"0.c-0","flg":20},{"c-0":["^ ",{"->":"Doubt"},"\n",{"->":"0.g-0"},{"#f":5}],"g-0":["done",{"#f":5}]}],"done",{"Doubt":[["ev","str","^I don't understand why you're so focused on preserving our traditions at all costs.","/str","/ev",{"*":".^.c-0","flg":20},{"c-0":["\n","^You still do not understand the importance of our culture and traditions, my dear.","\n",["ev","str","^I mean... I think I let my doubts cloud my judgment","/str","/ev",{"*":".^.c-0","flg":20},"ev","str","^But sometimes the teachings seem outdated or even harmful","/str","/ev",{"*":".^.c-1","flg":20},{"c-0":["^ ",{"->":"Ending"},"\n",{"#f":5}],"c-1":["\n","^The priest's face twisted in anger. ","#","^Italic","/#","\n",["ev","str","^Continue","/str","/ev",{"*":".^.c-0","flg":20},{"c-0":["\n","^Without the teachings, we are nothing.","\n",["ev","str","^But Father, what about progress and change? Shouldn't we be open to new ideas and ways of thinking?","/str","/ev",{"*":".^.c-0","flg":20},{"c-0":["\n","^No, my dear. Progress and change are the enemies of tradition. They seek to replace our ways with their own godless ideology","\n",["ev","str","^I mean... I think I let my doubts cloud my judgment","/str","/ev",{"*":".^.c-0","flg":20},"ev","str","^But Father, what about progress and change? Shouldn't we be open to new ideas and ways of thinking?","/str","/ev",{"*":".^.c-1","flg":20},{"c-0":["^ ",{"->":"Ending"},"\n",{"#f":5}],"c-1":["\n","^You do not understand the stakes, my dear.","\n",["ev","str","^Continue","/str","/ev",{"*":".^.c-0","flg":20},{"c-0":["\n","^Our society is under attack from all sides. We must be vigilant and steadfast in our defense of our culture.","\n",["ev","str","^I... I think I was wrong, Father","/str","/ev",{"*":".^.c-0","flg":20},"ev","str","^I'm sorry, Father, but I cannot support your way of thinking.","/str","/ev",{"*":".^.c-1","flg":20},{"c-0":["^ ",{"->":"Ending"},"\n",{"#f":5}],"c-1":["^ ","\n","^Then you are no longer welcome in our community. You have chosen the path of heresy and betrayal. You will suffer the consequences of your actions!","\n",["ev","str","^Accuse the church of hypocrisy","/str","/ev",{"*":".^.c-0","flg":20},"ev","str","^I think it's time for me to leave the village","/str","/ev",{"*":".^.c-1","flg":20},{"c-0":["^ ",{"->":"Reveal"},"\n",{"#f":5}],"c-1":["\n",{"->":"Ending"},{"#f":5}]}],{"#f":5}]}],{"#f":5}]}],{"#f":5}]}],{"#f":5}]}],{"#f":5}]}],{"#f":5}]}],{"#f":5}]}],{"#f":1}],"Reveal":[["^You wear these cyber prostheses, don't you?","\n","ev","str","^Continue","/str","/ev",{"*":".^.c-0","flg":20},{"c-0":["\n","^And yet you and the church publicly prohibit their use, claiming that they are against God's will.","\n",["ev","str","^Continue","/str","/ev",{"*":".^.c-0","flg":20},{"c-0":["\n","^The priest's expression remained calm and impassive. ","#","^Italic","/#","\n","^I'm afraid I don't know what you're talking about, my child","\n",["ev","str","^Continue","/str","/ev",{"*":".^.c-0","flg":20},{"c-0":["\n","^I found these blueprints in the iconostasis. And the painter is ready to prove their authenticity.","\n",["ev","str","^Continue","/str","/ev",{"*":".^.c-0","flg":20},{"c-0":["\n","^You've been using these cyber prostheses all along, while publicly condemning them as a sin.","\n","^The priest's eyes flickered for a moment, betraying a hint of unease. ","#","^Italic","/#","\n",["ev","str","^Continue","/str","/ev",{"*":".^.c-0","flg":20},{"c-0":["\n","^Even if what you say is true, we only use these technologies for the greater good of the church.","\n",["ev","str","^That's no excuse for your hypocrisy","/str","/ev",{"*":".^.c-0","flg":20},{"c-0":["\n","^How dare you accuse me of such things?","\n",["ev","str","^You are no longer an authority here and your rituals no longer have power over me","/str","/ev",{"*":".^.c-0","flg":20},{"c-0":["\n","^The priest took a step forward, his expression menacing. But you stood your ground, staring him down with a look of fierce determination.","\n",["ev","str","^I'll make sure everyone knows what you and the church have been hiding","/str","/ev",{"*":".^.c-0","flg":20},{"c-0":["\n","^The priest hesitated for a moment, then turned and fled from the church, leaving you alone with your thoughts and your newfound knowledge. ","#","^Ending","/#","\n",{"->":"Ending"},{"#f":5}]}],{"#f":5}]}],{"#f":5}]}],{"#f":5}]}],{"#f":5}]}],{"#f":5}]}],{"#f":5}]}],{"#f":5}]}],{"#f":1}],"Ending":["end",{"#f":1}],"#f":1}],"listDefs":{}}