﻿{"inkVersion":21,"root":[["^I see that you have successfully completed the necessary ritual,","\n","^the priest gazed at you with a look of approval in his eyes ","#","^Italic","/#","\n","ev","str","^You nodded","/str","/ev",{"*":"0.c-0","flg":20},"ev","str","^I'm happy to have helped","/str","/ev",{"*":"0.c-1","flg":20},{"c-0":["^ ",{"->":"Doubt"},"\n",{"->":"0.g-0"},{"#f":5}],"c-1":["^ ",{"->":"Doubt"},"\n",{"->":"0.g-0"},{"#f":5}],"g-0":["done",{"#f":5}]}],"done",{"Doubt":[["ev","str","^I don't understand why you're so focused on preserving our traditions at all costs.","/str","/ev",{"*":".^.c-0","flg":20},{"c-0":["\n","^You still do not understand the importance of our culture and traditions, my dear.","\n",["ev","str","^I mean... I think I let my doubts cloud my judgment","/str","/ev",{"*":".^.c-0","flg":20},"ev","str","^But sometimes the teachings seem outdated or even harmful","/str","/ev",{"*":".^.c-1","flg":20},{"c-0":["^ ",{"->":"Ending"},"\n",{"#f":5}],"c-1":["\n","^The priest's face twisted in anger. ","#","^Italic","/#","\n",["ev","str","^Continue","/str","/ev",{"*":".^.c-0","flg":20},{"c-0":["\n","^Without the teachings, we are nothing.","\n",["ev","str","^But Father, what about progress and change? Shouldn't we be open to new ideas and ways of thinking?","/str","/ev",{"*":".^.c-0","flg":20},{"c-0":["\n","^No, my dear. Progress and change are the enemies of tradition. They seek to replace our ways with their own godless ideology","\n",["ev","str","^I mean... I think I let my doubts cloud my judgment","/str","/ev",{"*":".^.c-0","flg":20},"ev","str","^But Father, what about progress and change? Shouldn't we be open to new ideas and ways of thinking?","/str","/ev",{"*":".^.c-1","flg":20},{"c-0":["^ ",{"->":"Ending"},"\n",{"#f":5}],"c-1":["\n","^You do not understand the stakes, my dear.","\n",["ev","str","^Continue","/str","/ev",{"*":".^.c-0","flg":20},{"c-0":["\n","^Our society is under attack from all sides. We must be vigilant and steadfast in our defense of our culture.","\n",["ev","str","^I... I think I was wrong, Father","/str","/ev",{"*":".^.c-0","flg":20},"ev","str","^I'm sorry, Father, but I cannot support your way of thinking.","/str","/ev",{"*":".^.c-1","flg":20},{"c-0":["^ ",{"->":"Ending"},"\n",{"#f":5}],"c-1":["^ ","\n","^Then you are no longer welcome in our community. You have chosen the path of heresy and betrayal.You will suffer the consequences of your actions! ","#","^Ending","/#","\n",["ev","str","^I think it's time for me to leave the village","/str","/ev",{"*":".^.c-0","flg":20},{"c-0":["^ ","\n",{"->":"Ending"},{"#f":5}]}],{"#f":5}]}],{"#f":5}]}],{"#f":5}]}],{"#f":5}]}],{"#f":5}]}],{"#f":5}]}],{"#f":5}]}],{"#f":1}],"Ending":["end",{"#f":1}],"#f":1}],"listDefs":{}}