﻿{"inkVersion":21,"root":[["^Ah, my dear. It is good to see you have returned.","\n","^And I see that you have completed the ritual. Well done","\n","ev","str","^Thank you, Father.","/str","/ev",{"*":"0.c-0","flg":20},"ev","str","^I'm glad I could be of help.","/str","/ev",{"*":"0.c-1","flg":20},{"c-0":["\n",{"->":"0.g-0"},{"#f":5}],"c-1":["\n","^Now is the moment, when you shall finally light the holy candle","\n",["ev","str","^I need some time to prepare myself","/str","/ev",{"*":".^.c-0","flg":20},"ev","str","^It shall be done.","/str","/ev",{"*":".^.c-1","flg":20},{"c-0":["\n",{"->":"0.g-0"},{"#f":5}],"c-1":["\n","end",{"->":"0.g-0"},{"#f":5}]}],{"#f":5}],"g-0":["done",{"#f":5}]}],"done",{"#f":1}],"listDefs":{}}