﻿{"inkVersion":21,"root":[["^Now that you are properly attired in the vestments of our ancestors, you are prepared to light a candle in the hallowed sanctuary of our church.","\n","ev","str","^Is it true that the light from the candles can guide the spirits of our loved ones to the afterlife?","/str","/ev",{"*":"0.c-0","flg":20},"ev","str","^Say nothing","/str","/ev",{"*":"0.c-1","flg":20},{"c-0":["\n",{"->":"0.g-0"},{"#f":5}],"c-1":["\n",{"->":"0.g-0"},{"#f":5}],"g-0":["^It is said that the flame of the candle is a beacon for the souls of the departed.","\n","ev","str","^Continue","/str","/ev",{"*":".^.c-2","flg":20},{"c-2":["\n","^But it is not for us to question such matters. We must simply have faith in the traditions that have been handed down to us","\n",["ev","str","^Say nothing","/str","/ev",{"*":".^.c-0","flg":20},{"c-0":["\n","end",{"->":"0.g-1"},{"#f":5}]}],{"#f":5}],"#f":5}],"g-1":["done",{"#f":5}]}],"done",{"#f":1}],"listDefs":{}}