﻿{"inkVersion":21,"root":[["^I see that you have successfully completed the necessary ritual,","\n","^the priest gazed at you with a look of approval in his eyes ","#","^Italic","/#","\n","ev","str","^You nodded","/str","/ev",{"*":"0.c-0","flg":20},"ev","str","^ I am honored to have the opportunity to participate in the ceremony.","/str","/ev",{"*":"0.c-1","flg":20},{"c-0":["^ ",{"->":"Start"},"\n",{"->":"0.g-0"},{"#f":5}],"c-1":["^ ",{"->":"Start"},"\n",{"->":"0.g-0"},{"#f":5}],"g-0":["done",{"#f":5}]}],"done",{"Start":[["^Now that you have proven yourself, we can proceed with the wedding.","\n","ev","str","^Start the Black Wedding","/str","/ev",{"*":".^.c-0","flg":20},"ev","str","^I...I need some time to think. To consider what I am about to do.","/str","/ev",{"*":".^.c-1","flg":20},{"c-0":["^ ","\n","^Very well, my child ","#","^Ending","/#","\n","end",{"#f":5}],"c-1":["\n","end",{"#f":5}]}],{"#f":1}],"#f":1}],"listDefs":{}}