﻿{"inkVersion":21,"root":[["^In the dim light, you noticed a small casket lodged into the wall of the iconostasis. ","#","^Italic","/#","\n","ev","str","^Continue","/str","/ev",{"*":"0.c-0","flg":20},{"c-0":["\n","^You hesitated, unsure whether to approach it. ","#","^Italic","/#","\n",["ev","str","^Open the casket","/str","/ev",{"*":".^.c-0","flg":20},{"c-0":["^ ",{"->":"AfterOpening"},"\n",{"->":"0.g-0"},{"#f":5}]}],{"#f":5}],"g-0":["done",{"#f":5}]}],"done",{"AfterOpening":[["^You opened the casket and were surprised to find a collection of blueprints inside. ","#","^Italic","/#","\n","ev","str","^Continue","/str","/ev",{"*":".^.c-0","flg":20},{"c-0":["\n","^You eyes scanned the technical drawings, your mind trying to make sense of the intricate designs.","#","^Italic","/#","\n",["ev","str","^Continue","/str","/ev",{"*":".^.c-0","flg":20},{"c-0":["\n","^These blueprints were for advanced cyberware and cyberprosthetics, designed to improve and empower the human body in ways that were beyond anything you have ever imagined. ","#","^Italic","/#","\n",["ev","str","^Continue","/str","/ev",{"*":".^.c-0","flg":20},{"c-0":["\n","^As you studied the blueprints, you realized with a growing sense of horror that they were designed for the priest himself. ","#","^Italic","/#","\n",["ev","str","^Continue","/str","/ev",{"*":".^.c-0","flg":20},{"c-0":["\n","^And not just for the priest - for all the supreme power of the church, who secretly wore these cyberprosthetics even as they publicly prohibited their use. ","#","^Italic","/#","\n",["ev","str","^Take the blueprints ","/str","/ev",{"*":".^.c-0","flg":20},{"c-0":["\n","^You knew that the blueprints are the key to your freedom. ","#","^Italic","/#","\n",["ev","str","^Leave iconostasis","/str","/ev",{"*":".^.c-0","flg":20},{"c-0":["\n","end",{"#f":5}]}],{"#f":5}]}],{"#f":5}]}],{"#f":5}]}],{"#f":5}]}],{"#f":5}]}],{"#f":1}],"#f":1}],"listDefs":{}}