﻿{"inkVersion":21,"root":[["^You sat alone in the dimly lit room, surrounded by the flickering candles and the scent of incense. ","#","^Italic","/#","\n","ev","str","^Contiinue","/str","/ev",{"*":"0.c-0","flg":20},{"c-0":["\n","^As the air grew thick with an otherworldly presence, the ghostly form of your beloved fiancé appeared before you. ","#","^Italic","/#","\n",["ev","str","^Contiinue","/str","/ev",{"*":".^.c-0","flg":20},{"c-0":["\n","^His eyes were full of a sadness that you had never seen before. ","#","^Italic","/#","\n","^My love, what are you doing here?","\n",["ev","str","^I am here to have a black wedding ceremony that will bind us together forevermore.","/str","/ev",{"*":".^.c-0","flg":20},"ev","str","^I do but follow tradition","/str","/ev",{"*":".^.c-1","flg":20},{"c-0":["\n",{"->":"BecauseOfLove"},{"->":"0.g-0"},{"#f":5}],"c-1":["^ ","\n",{"->":"BecauseOfTradition"},{"->":"0.g-0"},{"#f":5}]}],{"#f":5}]}],{"#f":5}],"g-0":["done",{"#f":5}]}],"done",{"BecauseOfLove":[[["^The groom's lips curved into a smile as he gazed at his beloved, and he spoke with a hint of humor in his voice. ","#","^Italic","/#","\n","ev","str","^Continue","/str","/ev",{"*":".^.c-0","flg":20},{"c-0":["\n","^Why must it be a black wedding, my dear?","\n","^he asked, his eyes twinkling. ","#","^Italic","/#","\n","^Is there not enough darkness in the world already?","\n",["ev","str","^Continue","/str","/ev",{"*":".^.c-0","flg":20},{"c-0":["\n","^Your lips parted in a spontaneous smile ","#","^Italic","/#","\n",["ev","str","^You know, I have to undergo the ceremony","/str","/ev",{"*":".^.c-0","flg":20},"ev","str","^I just miss you so much","/str","/ev",{"*":".^.c-1","flg":20},{"c-0":["^ ",{"->":"BecauseOfTradition"},"\n",{"#f":5}],"c-1":["\n","^You must let me go,","\n",["ev","str","^Continue","/str","/ev",{"*":".^.c-0","flg":20},{"c-0":["\n","^You cannot be tied to me like this","\n","^his voice heavy with sorrow. ","#","^Italic","/#","\n",["ev","str","^You know, I have to undergo the ceremony","/str","/ev",{"*":".^.c-0","flg":20},"ev","str","^I don't know if I can let you go","/str","/ev",{"*":".^.c-1","flg":20},{"c-0":["^ ",{"->":"BecauseOfTradition"},"\n",{"#f":5}],"c-1":["^ ","\n","^You must find a way to move on without me.","\n",["ev","str","^But what about our families, our traditions?","/str","/ev",{"*":".^.c-0","flg":20},{"c-0":["\n","^This is your life, and you have the power to choose what you want.","\n",["ev","str","^stop Black Wedding","/str","/ev",{"*":".^.c-0","flg":20},"ev","str","^go through the ceremony","/str","/ev",{"*":".^.c-1","flg":20},{"c-0":["^ ",{"->":"HowToEscape"},"\n",{"#f":5}],"c-1":["^ ",{"->":"BecauseOfTradition"},"\n",{"#f":5}]}],{"#f":5}]}],{"#f":5}]}],{"#f":5}]}],{"#f":5}]}],{"#f":5}]}],{"#f":5}],"#f":5,"#n":"g-0"}],null],{"#f":1}],"BecauseOfTradition":[["^The groom looked at you with a mixture of confusion and concern ","#","^Italic","/#","\n","ev","str","^For the sake of our families and the sanctity of the church, it is imperative that we proceed in the manner that has been ordained by our forebears.","/str","/ev",{"*":".^.c-0","flg":20},{"c-0":["\n","^I understand now","\n","^he said, his voice echoing with a melancholy that belied his smile ","#","^Italic","/#","\n","^If that is what you truly desire, then I will be here for you.","\n",["ev","str","^Thank you","/str","/ev",{"*":".^.c-0","flg":20},"ev","str","^I know I can always count on you, even in death.","/str","/ev",{"*":".^.c-1","flg":20},{"c-0":["^ ",{"->":"Reveal"},"\n",{"#f":5}],"c-1":["^ ",{"->":"Reveal"},"\n",{"#f":5}]}],{"#f":5}]}],{"#f":1}],"Reveal":[["^But before the Black Wedding, I implore you to discover the truth about the church.","\n","ev","str","^What truth?","/str","/ev",{"*":".^.c-0","flg":20},{"c-0":["\n","^The answer to your question lies hidden within the iconostasis","\n",["ev","str","^Continue","/str","/ev",{"*":".^.c-0","flg":20},{"c-0":["\n","^But beware, the iconostasis is a sacred place, inaccessible to all but the holiest of ministers. You must tread carefully.","\n",["ev","str","^I understand","/str","/ev",{"*":".^.c-0","flg":20},{"c-0":["\n","^Once you find what you seek, show it to the artist. I believe it will convince her to speak out against the church and reveal their darkest secrets.","\n",["ev","str","^Continue","/str","/ev",{"*":".^.c-0","flg":20},{"c-0":["\n",{"->":"Ending"},{"#f":5}]}],{"#f":5}]}],{"#f":5}]}],{"#f":5}]}],{"#f":1}],"HowToEscape":[["^Very well, my dear,","\n","^spoke the ghostly groom with a tone of grave seriousness, ","#","^Italic","/#","\n","^if you truly wish to stop this wedding, you must reveal the greatest secret of the church.","\n","ev","str","^What secret?","/str","/ev",{"*":".^.c-0","flg":20},{"c-0":["\n","^The answer to your question lies hidden within the iconostasis","\n",["ev","str","^Continue","/str","/ev",{"*":".^.c-0","flg":20},{"c-0":["\n","^But beware, the iconostasis is a sacred place, inaccessible to all but the holiest of ministers. You must tread carefully.","\n",["ev","str","^I understand","/str","/ev",{"*":".^.c-0","flg":20},{"c-0":["\n","^Once you find what you seek, show it to the artist. I believe it will convince her to speak out against the church and reveal their darkest secrets.","\n",["ev","str","^Continue","/str","/ev",{"*":".^.c-0","flg":20},{"c-0":["\n",{"->":"Ending"},{"#f":5}]}],{"#f":5}]}],{"#f":5}]}],{"#f":5}]}],{"#f":1}],"Ending":[["^the ghostly groom disappeared into the ether, leaving you alone  ","#","^LoadNewScene","/#","\n","ev","str","^Stay here","/str","/ev",{"*":".^.c-0","flg":20},{"c-0":["^ ","\n","end",{"#f":5}]}],{"#f":1}],"#f":1}],"listDefs":{}}