﻿{"inkVersion":21,"root":[["^My dear,you must decorate your outfit with flowers before the ceremony. Just take what you find here","\n","ev","str","^Continue","/str","/ev",{"*":"0.c-0","flg":20},{"c-0":["\n","^Will you perform this for us, won't you?","\n","^Her voice trembled and you hesitated before giving her answer. ","#","^Italic","/#","\n",["ev","str","^Very well","/str","/ev",{"*":".^.c-0","flg":20},"ev","str","^I shall oblige","/str","/ev",{"*":".^.c-1","flg":20},{"c-0":["\n",{"->":"0.g-0"},{"#f":5}],"c-1":["\n",{"->":"0.g-0"},{"#f":5}]}],{"#f":5}],"g-0":["end",["done",{"#f":5,"#n":"g-1"}],{"#f":5}]}],"done",{"#f":1}],"listDefs":{}}