﻿{"inkVersion":21,"root":[["^The older woman - an imposing sculpture of fabric and metal ornaments, stands within the alcove, affixing wax flowers onto the sanctious candelabra- The Celestial Candle. ","#","^Italic","/#","\n","ev","str","^Continue","/str","/ev",{"*":"0.c-0","flg":20},{"c-0":["\n","^As you approach her, she regards you solemnly, mustering no smile as she bows her head. ","#","^Italic","/#","\n",["ev","str","^1. Mother, I have no words...","/str","/ev",{"*":".^.c-0","flg":20},{"c-0":["\n","^Her hand trembles as she crushes the delicate wax flower in her grasp, and her eyes remain tightly shut as she responds. ","#","^Italic","/#","\n",["ev","str","^Continue","/str","/ev",{"*":".^.c-0","flg":20},{"c-0":["\n","^Words are meaninglelss. There is nothing left that I need or want.","\n",["ev","str","^Continue","/str","/ev",{"*":".^.c-0","flg":20},{"c-0":["\n","^She takes a deep breath and turns to face the bride, her eyes now open and filled with pain. ","#","^Italic","/#","\n",["ev","str","^Continue","/str","/ev",{"*":".^.c-0","flg":20},{"c-0":["\n","^But this is what must be done. For him.","\n",["ev","str","^Continue","/str","/ev",{"*":".^.c-0","flg":20},{"c-0":["\n","^The last word catches in her throat, and she swallows hard before continuing.  ","#","^Italic","/#","\n",{"->":"0.g-0"},{"#f":5}]}],{"#f":5}]}],{"#f":5}]}],{"#f":5}]}],{"#f":5}]}],{"#f":5}],"g-0":["^You will perform this ritual for us, won't you?","\n",["ev","str","^The Black Wedding? Do I have any say in this matter, Mother?","/str","/ev",{"*":".^.c-0","flg":20},{"c-0":["\n","^She hesitates, her head shaking softly as she speaks. ","#","^Italic","/#","\n","^Our customs dictate that you do not. But I still ask of you, Rado.","\n",["ev","str","^Continue","/str","/ev",{"*":".^.c-0","flg":20},{"c-0":["\n","^Will you do this for us?","\n",{"->":"0.g-0.2.g-0"},{"#f":5}]}],{"#f":5}],"g-0":["^Her voice is strained, the weight of her grief palpable. ","#","^Italic","/#","\n","ev","str","^1. Mother, I have my doubts about this. I'm not sure if our Avra would have wanted this.","/str","/ev",{"*":".^.c-1","flg":20},"ev","str","^2. Mother, this isn't right. He...He is gone. This won't bring him back. I don't want to partake in this.","/str","/ev",{"*":".^.c-2","flg":20},"ev","str","^3. Who am I to go against our beliefs? Everything that happens is the will of God and has a sacred purpose. I won't question the Divine.","/str","/ev",{"*":".^.c-3","flg":20},{"c-1":["^ ",{"->":"1_2_Choose"},"\n",{"->":"0.g-0.g-1"},{"#f":5}],"c-2":["^ ",{"->":"1_2_Choose"},"\n",{"->":"0.g-0.g-1"},{"#f":5}],"c-3":["^ ",{"->":"3_Choose"},"\n",{"->":"0.g-0.g-1"},{"#f":5}],"#f":5}]}],["done",{"#f":5,"#n":"g-1"}],{"#f":5}]}],"done",{"1_2_Choose":[["^Doesn't my son deserve this? If his life was taken from him, must his happiness be taken too?\" She reaches out to grip the edge of the table, her knuckles turning white.","\n","ev","str","^Continue","/str","/ev",{"*":".^.c-0","flg":20},{"c-0":["\n","^He needs this, Radmila. We can't fail him again. Is there any sacrifice too great when you love someone?","\n",["ev","str","^Continue","/str","/ev",{"*":".^.c-0","flg":20},{"c-0":["\n","^The frown lines on her face deepened as she collected her composure. Her face was one of silent grief, of betrayal and exhaustion. ","#","^Italic","/#","\n",["ev","str","^Continue","/str","/ev",{"*":".^.c-0","flg":20},{"c-0":["\n","^Forgive me. I didn't mean to raise my voice. This is just too much to bear.","\n",["ev","str","^1. You're right, Mother. I'm sorry for speaking out of turn. I just can't help but wish that...none of this was real","/str","/ev",{"*":".^.c-0","flg":20},"ev","str","^2. He was everything to me, Mother. It feels like I'm drowning in this endless sea of grief, and I don't know how to come up for air.","/str","/ev",{"*":".^.c-1","flg":20},"ev","str","^3. I'm still... uncertain if this is what he would want. It all feels so unnatural, dear Mother. Just like his passing.","/str","/ev",{"*":".^.c-2","flg":20},{"c-0":["^ ",{"->":"Ending"},"\n",{"#f":5}],"c-1":["^ ",{"->":"Ending"},"\n",{"#f":5}],"c-2":["^ ",{"->":"Ending"},"\n",{"#f":5}]}],{"#f":5}]}],{"#f":5}]}],{"#f":5}]}],{"#f":1}],"3_Choose":[["^Was Avram's death the will of God? Does it serve any purpose but to bring us despair?","\n","ev","str","^Continue","/str","/ev",{"*":".^.c-0","flg":20},{"c-0":["\n","^She sneers with sorrow in her voice. ","#","^Italic","/#","\n",["ev","str","^Continue","/str","/ev",{"*":".^.c-0","flg":20},{"c-0":["\n","^You remind me so much of our priest.","\n",["ev","str","^Continue","/str","/ev",{"*":".^.c-0","flg":20},{"c-0":["\n","^I have always trusted his guidance, but right now... I am not motivated by God's will to organize this. In this moment, all I feel is... spite.","\n",["ev","str","^Continue","/str","/ev",{"*":".^.c-0","flg":20},{"c-0":["\n","^I am consumed by the anger that God would take Avra away so soon. I am filled with bitterness at the impatience, at the audacity of Heaven. I am all out of faith","\n",["ev","str","^Continue","/str","/ev",{"*":".^.c-0","flg":20},{"c-0":["\n","^The reason I want you to do this for us, and for yourself, Radmila, is so that we can have some semblance of closure.","\n",["ev","str","^Continue","/str","/ev",{"*":".^.c-0","flg":20},{"c-0":["\n","^Some semblance of peace. There has to be something we can do for him. Otherwise, we have nothing else.","\n",["ev","str","^1. Mother, I promise that I will be here for you. Always. I will do everything in my power to make this right. For Avra, and for all of us.","/str","/ev",{"*":".^.c-0","flg":20},{"c-0":["\n",{"->":"Ending"},{"#f":5}]}],{"#f":5}]}],{"#f":5}]}],{"#f":5}]}],{"#f":5}]}],{"#f":5}]}],{"#f":5}]}],{"#f":1}],"Ending":[["^Endure this hardship for my son's sake, and ere the ceremony commences, take time to roam the church and gather thy thoughts. The preparations shall soon begin.","\n","ev","str","^I...I need a moment to collect myself.","/str","/ev",{"*":".^.c-0","flg":20},"ev","str","^Okay, I'll do it.","/str","/ev",{"*":".^.c-1","flg":20},{"c-0":["\n","end",{"#f":5}],"c-1":["\n","end",{"#f":5}]}],{"#f":1}],"#f":1}],"listDefs":{}}