﻿{"inkVersion":21,"root":[["^Behold! A vision of a true bride!","\n","^the mother exclaimed, her voice carrying a hint of sorrow. ","#","^Italic","/#","\n","ev","str","^It grieves you more than it gladdens, does it not?","/str","/ev",{"*":"0.c-0","flg":20},"ev","str","^Say nothing","/str","/ev",{"*":"0.c-1","flg":20},{"c-0":["\n","^I guess it's because I realize how much my son never got to do in this life,","\n","^she said in a melancholic tone, as if lost in thought. ","#","^Italic","/#","\n",["ev","str","^Say nothing","/str","/ev",{"*":".^.c-0","flg":20},"ev","str","^I have some doubts about the actions of the church","/str","/ev",{"*":".^.c-1","flg":20},{"c-0":["^  ",{"->":"Ending"},"\n",{"->":"0.g-0"},{"#f":5}],"c-1":["\n",{"->":"Doubts"},{"->":"0.g-0"},{"#f":5}]}],{"#f":5}],"c-1":["\n",{"->":"Ending"},{"->":"0.g-0"},{"#f":5}],"g-0":["done",{"#f":5}]}],"done",{"Doubts":[["^Doubts, my child? What do you mean?","\n","ev","str","^Well, it seems to me that the church is more concerned with preserving its own power and authority than with truly helping the people","/str","/ev",{"*":".^.c-0","flg":20},{"c-0":["\n","^Why do you have such thoughts?","\n",["ev","str","^The matter is insignificant, pay it no mind","/str","/ev",{"*":".^.c-0","flg":20},"ev","str","^I have witnessed firsthand the agony that the artist endures in the creation of the painting","/str","/ev",{"*":".^.c-1","flg":20},{"c-0":["^ ",{"->":"Ending"},"\n",{"#f":5}],"c-1":["\n","^I understand your compassion, my dear, but the church has its own way of doing things","\n",["ev","str","^Continue","/str","/ev",{"*":".^.c-0","flg":20},{"c-0":["\n",{"->":"Ending"},{"#f":5}]}],{"#f":5}]}],{"#f":5}]}],{"#f":1}],"Ending":[[["^Well,","\n","^she said, sounding like she was coming out of a daze, ","#","^Italic","/#","\n","^I reckon it's about time you got the church ready for the Black Wedding. ","#","^LoadNewScene","/#","\n",["ev","str","^Stay here","/str","/ev",{"*":".^.c-0","flg":20},{"c-0":["^ ","\n","end",{"#f":5}]}],{"#f":5,"#n":"g-0"}],null],{"#f":1}],"#f":1}],"listDefs":{}}