﻿{"inkVersion":21,"root":[["^\"Well, well,you've returned at last, my dear.","\n","ev","str","^Continue","/str","/ev",{"*":"0.c-0","flg":20},{"c-0":["\n","^And it appears that you've successfully completed the ritual.","\n",["ev","str","^I understand, Mother. I will do this for Avram and for our family.","/str","/ev",{"*":".^.c-0","flg":20},"ev","str","^You wondered if the mother could see the doubt in your eyes","/str","/ev",{"*":".^.c-1","flg":20},{"c-0":["\n","^The mother nodded ","#","^Italic","/#","\n","^May the power of our traditions guide and protect us.","\n",{"->":"0.g-0"},{"#f":5}],"c-1":["\n","^May the power of our traditions guide and protect us.","\n",["ev","str","^Leave","/str","/ev",{"*":".^.c-0","flg":20},{"c-0":["^ ","\n","end",{"->":"0.g-0"},{"#f":5}]}],{"#f":5}]}],{"#f":5}],"g-0":["done",{"#f":5}]}],"done",{"#f":1}],"listDefs":{}}