﻿{"inkVersion":21,"root":[["^You traversed the nuptial rites with practiced ease, fulfilling every custom and ritual according to tradition.","\n","ev","str","^Continue","/str","/ev",{"*":"0.c-0","flg":20},{"c-0":["\n","^As you moved through the ceremony, your last vestiges of doubt dissipated, replaced by a steadfast conviction that you was doing precisely what was expected of you.","\n",["ev","str","^Continue","/str","/ev",{"*":".^.c-0","flg":20},{"c-0":["\n","^For was this not the very purpose of your presence there?","\n",["ev","str","^Continue","/str","/ev",{"*":".^.c-0","flg":20},{"c-0":["\n","^To fulfill the expectations of your community, to uphold the traditions of your forebears, to wed not only your beloved but also the customs and norms that had guided your people for generations.","\n",["ev","str","^Continue","/str","/ev",{"*":".^.c-0","flg":20},{"c-0":["\n","^And so you stood, resolute and unflinching, as you spoke the words that bound you to your beloved and to the customs that they both held dear.","\n",["ev","str","^Continue","/str","/ev",{"*":".^.c-0","flg":20},{"c-0":["\n","^For in that moment, you knew that you were fulfilling your destiny, and that your place in the world was secure.","\n",["ev","str","^THE END","/str","/ev",{"*":".^.c-0","flg":20},{"c-0":["^ ","#","^TheEnd","/#","\n","end",{"->":"0.g-0"},{"#f":5}]}],{"#f":5}]}],{"#f":5}]}],{"#f":5}]}],{"#f":5}]}],{"#f":5}],"g-0":["done",{"#f":5}]}],"done",{"#f":1}],"listDefs":{}}