﻿{"inkVersion":21,"root":[["^You, as you stood there, pondered the daunting challenges that lay ahead.","\n","ev","str","^Continue","/str","/ev",{"*":"0.c-0","flg":20},{"c-0":["\n","^You realized that your struggle was not with a mere individual, but with an all-powerful organization that had been entrenched for centuries.","\n",["ev","str","^Continue","/str","/ev",{"*":".^.c-0","flg":20},{"c-0":["\n","^And yet, even as you faced these immense obstacles, a sense of relief washed over you.","\n",["ev","str","^Continue","/str","/ev",{"*":".^.c-0","flg":20},{"c-0":["\n","^Finally, you comprehended the crushing weight that had been placed upon you by the church and the rigid, unyielding tradition that it upheld.","\n",["ev","str","^THE END","/str","/ev",{"*":".^.c-0","flg":20},{"c-0":["^ ","#","^TheEnd","/#","\n",{"->":"0.g-0"},{"#f":5}]}],{"#f":5}]}],{"#f":5}]}],{"#f":5}],"g-0":["done",{"#f":5}]}],"done",{"#f":1}],"listDefs":{}}