﻿{"inkVersion":21,"root":[["^As you were unceremoniously banished from the village, you hurriedly gathered your humble possessions, bewildered by the unexpected tranquility that had overcome your agitated spirit.","\n","ev","str","^Continue","/str","/ev",{"*":"0.c-0","flg":20},{"c-0":["\n","^Though the road ahead was shrouded in uncertainty, she clung steadfastly to her conviction that following her own inner voice and moral compass would guide her to a brighter tomorrow.","\n",["ev","str","^THE END","/str","/ev",{"*":".^.c-0","flg":20},{"c-0":["^ ","#","^TheEnd","/#","\n","end",{"->":"0.g-0"},{"#f":5}]}],{"#f":5}],"g-0":["done",{"#f":5}]}],"done",{"#f":1}],"listDefs":{}}